Date,Search Trends
2016-05-31,325
2016-06-01,1131
2016-06-02,1168
2016-06-03,1119
2016-06-04,1096
2016-06-05,1060
2016-06-06,1177
2016-06-07,1183
2016-06-08,1134
2016-06-09,1128
2016-06-10,1091
2016-06-11,1038
2016-06-12,1048
2016-06-13,1171
2016-06-14,1129
2016-06-15,1098
2016-06-16,1057
2016-06-17,1015
2016-06-18,976
2016-06-19,930
2016-06-20,1120
2016-06-21,1139
2016-06-22,1130
2016-06-23,1144
2016-06-24,1109
2016-06-25,1128
2016-06-26,1072
2016-06-27,1206
2016-06-28,1198
2016-06-29,1099
2016-06-30,1085
2016-07-01,1066
2016-07-02,1053
2016-07-03,1094
2016-07-04,1224
2016-07-05,1135
2016-07-06,1121
2016-07-07,1047
2016-07-08,1024
2016-07-09,997
2016-07-10,1005
2016-07-11,1182
2016-07-12,1140
2016-07-13,1130
2016-07-14,1099
2016-07-15,1029
2016-07-16,1023
2016-07-17,1032
2016-07-18,1184
2016-07-19,1147
2016-07-20,1062
2016-07-21,1111
2016-07-22,1071
2016-07-23,1009
2016-07-24,1046
2016-07-25,1195
2016-07-26,1193
2016-07-27,1177
2016-07-28,1140
2016-07-29,1081
2016-07-30,1009
2016-07-31,1080
2016-08-01,1196
2016-08-02,1179
2016-08-03,1139
2016-08-04,1037
2016-08-05,1080
2016-08-06,991
2016-08-07,978
2016-08-08,1145
2016-08-09,1118
2016-08-10,1196
2016-08-11,1199
2016-08-12,1119
2016-08-13,1029
2016-08-14,988
2016-08-15,1147
2016-08-16,1172
2016-08-17,1145
2016-08-18,1118
2016-08-19,1074
2016-08-20,1004
2016-08-21,998
2016-08-22,1160
2016-08-23,1156
2016-08-24,1202
2016-08-25,1190
2016-08-26,1155
2016-08-27,1151
2016-08-28,1114
2016-08-29,1183
2016-08-30,1118
2016-08-31,934
2016-09-01,865
2016-09-02,906
2016-09-03,877
2016-09-04,1017
2016-09-05,1192
2016-09-06,1075
2016-09-07,1096
2016-09-08,1065
2016-09-09,1029
2016-09-10,951
2016-09-11,983
2016-09-12,1193
2016-09-13,1145
2016-09-14,1209
2016-09-15,1138
2016-09-16,1087
2016-09-17,996
2016-09-18,1032
2016-09-19,1167
2016-09-20,1144
2016-09-21,1137
2016-09-22,1139
2016-09-23,1108
2016-09-24,1024
2016-09-25,1017
2016-09-26,1173
2016-09-27,1176
2016-09-28,1175
2016-09-29,1168
2016-09-30,1125
2016-10-01,1015
2016-10-02,1036
2016-10-03,1167
2016-10-04,1160
2016-10-05,1176
2016-10-06,1088
2016-10-07,1088
2016-10-08,973
2016-10-09,945
2016-10-10,1123
2016-10-11,1133
2016-10-12,1128
2016-10-13,1157
2016-10-14,1102
2016-10-15,1022
2016-10-16,977
2016-10-17,1152
2016-10-18,1184
2016-10-19,1068
2016-10-20,905
2016-10-21,845
2016-10-22,765
2016-10-23,759
2016-10-24,891
2016-10-25,946
2016-10-26,1138
2016-10-27,1124
2016-10-28,1078
2016-10-29,981
2016-10-30,985
2016-10-31,1254
2016-11-01,1178
2016-11-02,1130
2016-11-03,1120
2016-11-04,1116
2016-11-05,994
2016-11-06,1036
2016-11-07,1210
2016-11-08,1133
2016-11-09,1180
2016-11-10,1170
2016-11-11,1189
2016-11-12,1083
2016-11-13,1125
2016-11-14,1168
2016-11-15,1114
2016-11-16,1210
2016-11-17,1170
2016-11-18,1117
2016-11-19,1009
2016-11-20,1027
2016-11-21,1210
2016-11-22,1197
2016-11-23,1143
2016-11-24,1172
2016-11-25,1178
2016-11-26,1007
2016-11-27,964
2016-11-28,1185
2016-11-29,1151
2016-11-30,1106
2016-12-01,1106
2016-12-02,1123
2016-12-03,1002
2016-12-04,1031
2016-12-05,1201
2016-12-06,1190
2016-12-07,1102
2016-12-08,1118
2016-12-09,1063
2016-12-10,993
2016-12-11,983
2016-12-12,1173
2016-12-13,1200
2016-12-14,1135
2016-12-15,1122
2016-12-16,1055
2016-12-17,967
2016-12-18,1044
2016-12-19,1220
2016-12-20,1233
2016-12-21,1235
2016-12-22,1197
2016-12-23,1055
2016-12-24,743
2016-12-25,901
2016-12-26,1238
2016-12-27,1205
2016-12-28,1198
2016-12-29,1124
2016-12-30,989
2016-12-31,646
2017-01-01,729
2017-01-02,1100
2017-01-03,1194
2017-01-04,1096
2017-01-05,1070
2017-01-06,1026
2017-01-07,932
2017-01-08,951
2017-01-09,1123
2017-01-10,1160
2017-01-11,1025
2017-01-12,1011
2017-01-13,998
2017-01-14,911
2017-01-15,970
2017-01-16,1169
2017-01-17,1092
2017-01-18,1152
2017-01-19,1124
2017-01-20,1080
2017-01-21,1026
2017-01-22,1014
2017-01-23,1225
2017-01-24,1168
2017-01-25,1144
2017-01-26,1106
2017-01-27,1098
2017-01-28,1061
2017-01-29,1031
2017-01-30,1219
2017-01-31,1224
2017-02-01,1145
2017-02-02,1164
2017-02-03,1117
2017-02-04,1064
2017-02-05,1042
2017-02-06,1193
2017-02-07,1185
2017-02-08,1202
2017-02-09,1196
2017-02-10,1160
2017-02-11,1071
2017-02-12,1087
2017-02-13,1234
2017-02-14,1140
2017-02-15,1169
2017-02-16,1207
2017-02-17,1177
2017-02-18,1105
2017-02-19,1066
2017-02-20,1234
2017-02-21,1220
2017-02-22,1227
2017-02-23,1185
2017-02-24,1127
2017-02-25,1025
2017-02-26,972
2017-02-27,1026
2017-02-28,1131
2017-03-01,1170
2017-03-02,1202
2017-03-03,1187
2017-03-04,1099
2017-03-05,1079
2017-03-06,1215
2017-03-07,1199
2017-03-08,1162
2017-03-09,1206
2017-03-10,1150
2017-03-11,1092
2017-03-12,1040
2017-03-13,1213
2017-03-14,1228
2017-03-15,1242
2017-03-16,1211
2017-03-17,1141
2017-03-18,1040
2017-03-19,1028
2017-03-20,1201
2017-03-21,1224
2017-03-22,1151
2017-03-23,1047
2017-03-24,1059
2017-03-25,1034
2017-03-26,1059
2017-03-27,1195
2017-03-28,1158
2017-03-29,1120
2017-03-30,1098
2017-03-31,1043
2017-04-01,957
2017-04-02,1002
2017-04-03,1097
2017-04-04,1095
2017-04-05,1187
2017-04-06,1198
2017-04-07,1130
2017-04-08,1089
2017-04-09,1126
2017-04-10,1211
2017-04-11,1123
2017-04-12,975
2017-04-13,924
2017-04-14,957
2017-04-15,960
2017-04-16,1019
2017-04-17,1220
2017-04-18,1156
2017-04-19,1073
2017-04-20,1120
2017-04-21,1074
2017-04-22,1023
2017-04-23,1011
2017-04-24,1165
2017-04-25,1201
2017-04-26,1167
2017-04-27,1156
2017-04-28,1105
2017-04-29,1017
2017-04-30,989
2017-05-01,1047
2017-05-02,1179
2017-05-03,1169
2017-05-04,1144
2017-05-05,1069
2017-05-06,988
2017-05-07,1030
2017-05-08,1182
2017-05-09,1128
2017-05-10,1188
2017-05-11,1051
2017-05-12,970
2017-05-13,859
2017-05-14,833
2017-05-15,1101
2017-05-16,1076
2017-05-17,1140
2017-05-18,1105
2017-05-19,1062
2017-05-20,974
2017-05-21,944
2017-05-22,1064
2017-05-23,1065
2017-05-24,1181
2017-05-25,1186
2017-05-26,1109
2017-05-27,993
2017-05-28,993
2017-05-29,1143
2017-05-30,1087
2017-05-31,1197
2017-06-01,1184
2017-06-02,1146
2017-06-03,1024
2017-06-04,1045
2017-06-05,1182
2017-06-06,1165
2017-06-07,1184
2017-06-08,1173
2017-06-09,1120
2017-06-10,1071
2017-06-11,1093
2017-06-12,1234
2017-06-13,1217
2017-06-14,1229
2017-06-15,1231
2017-06-16,1151
2017-06-17,1054
2017-06-18,986
2017-06-19,1135
2017-06-20,1149
2017-06-21,1217
2017-06-22,1179
2017-06-23,1148
2017-06-24,1089
2017-06-25,1122
2017-06-26,1245
2017-06-27,1210
2017-06-28,1067
2017-06-29,1080
2017-06-30,1027
2017-07-01,977
2017-07-02,1038
2017-07-03,1171
2017-07-04,1207
2017-07-05,1138
2017-07-06,1150
2017-07-07,1155
2017-07-08,1091
2017-07-09,1111
2017-07-10,1219
2017-07-11,1190
2017-07-12,1195
2017-07-13,1169
2017-07-14,1132
2017-07-15,1101
2017-07-16,1062
2017-07-17,1214
2017-07-18,1213
2017-07-19,1187
2017-07-20,1052
2017-07-21,1117
2017-07-22,1052
2017-07-23,1079
2017-07-24,1196
2017-07-25,1200
2017-07-26,1127
2017-07-27,1108
2017-07-28,1074
2017-07-29,1056
2017-07-30,1060
2017-07-31,1218
2017-08-01,1200
2017-08-02,1141
2017-08-03,1161
2017-08-04,1109
2017-08-05,1029
2017-08-06,1015
2017-08-07,1326
2017-08-08,1206
2017-08-09,1177
2017-08-10,1137
2017-08-11,1202
2017-08-12,1146
2017-08-13,1088
2017-08-14,1250
2017-08-15,1286
2017-08-16,1223
2017-08-17,1186
2017-08-18,1145
2017-08-19,1108
2017-08-20,1054
2017-08-21,1139
2017-08-22,1221
2017-08-23,1202
2017-08-24,1191
2017-08-25,1176
2017-08-26,1079
2017-08-27,1112
2017-08-28,1236
2017-08-29,1249
2017-08-30,1168
2017-08-31,1105
2017-09-01,1100
2017-09-02,1059
2017-09-03,1135
2017-09-04,1215
2017-09-05,1108
2017-09-06,1172
2017-09-07,1169
2017-09-08,1138
2017-09-09,1089
2017-09-10,1103
2017-09-11,1209
2017-09-12,1175
2017-09-13,1183
2017-09-14,1142
2017-09-15,1089
2017-09-16,998
2017-09-17,1022
2017-09-18,1203
2017-09-19,1114
2017-09-20,1078
2017-09-21,1124
2017-09-22,1070
2017-09-23,1005
2017-09-24,1014
2017-09-25,1177
2017-09-26,1192
2017-09-27,1179
2017-09-28,1193
2017-09-29,1159
2017-09-30,1075
2017-10-01,1071
2017-10-02,1144
2017-10-03,1156
2017-10-04,1226
2017-10-05,1116
2017-10-06,1100
2017-10-07,1055
2017-10-08,1104
2017-10-09,1211
2017-10-10,1077
2017-10-11,832
2017-10-12,840
2017-10-13,804
2017-10-14,744
2017-10-15,712
2017-10-16,883
2017-10-17,940
2017-10-18,1207
2017-10-19,1210
2017-10-20,1156
2017-10-21,1130
2017-10-22,1121
2017-10-23,1230
2017-10-24,1183
2017-10-25,1087
2017-10-26,1091
2017-10-27,1060
2017-10-28,964
2017-10-29,1016
2017-10-30,1254
2017-10-31,1165
2017-11-01,1257
2017-11-02,1276
2017-11-03,1236
2017-11-04,1114
2017-11-05,1120
2017-11-06,1244
2017-11-07,1261
2017-11-08,1213
2017-11-09,1197
2017-11-10,1154
2017-11-11,1079
2017-11-12,1095
2017-11-13,1218
2017-11-14,1204
2017-11-15,1146
2017-11-16,1130
2017-11-17,1109
2017-11-18,1013
2017-11-19,1025
2017-11-20,1178
2017-11-21,1193
2017-11-22,1203
2017-11-23,1217
2017-11-24,1240
2017-11-25,1083
2017-11-26,1085
2017-11-27,1228
2017-11-28,1222
2017-11-29,1235
2017-11-30,1196
2017-12-01,1161
2017-12-02,1105
2017-12-03,1173
2017-12-04,1262
2017-12-05,1224
2017-12-06,1159
2017-12-07,1091
2017-12-08,1102
2017-12-09,1075
2017-12-10,1068
2017-12-11,1234
2017-12-12,1231
2017-12-13,1197
2017-12-14,1177
2017-12-15,1161
2017-12-16,1128
2017-12-17,1143
2017-12-18,1272
2017-12-19,1297
2017-12-20,1236
2017-12-21,1220
2017-12-22,1124
2017-12-23,996
2017-12-24,741
2017-12-25,965
2017-12-26,1257
2017-12-27,1294
2017-12-28,1233
2017-12-29,1143
2017-12-30,1007
2017-12-31,749
2018-01-01,904
2018-01-02,1256
2018-01-03,1271
2018-01-04,1257
2018-01-05,1250
2018-01-06,1123
2018-01-07,1090
2018-01-08,1251
2018-01-09,1257
2018-01-10,1261
2018-01-11,1239
2018-01-12,1231
2018-01-13,1182
2018-01-14,1220
2018-01-15,1292
2018-01-16,1267
2018-01-17,1290
2018-01-18,1260
2018-01-19,1247
2018-01-20,1139
2018-01-21,1108
2018-01-22,1290
2018-01-23,1277
2018-01-24,1263
2018-01-25,1247
2018-01-26,1213
2018-01-27,1144
2018-01-28,1010
2018-01-29,1210
2018-01-30,1257
2018-01-31,1276
2018-02-01,1263
2018-02-02,1232
2018-02-03,1146
2018-02-04,1104
2018-02-05,1265
2018-02-06,1266
2018-02-07,1302
2018-02-08,1272
2018-02-09,1242
2018-02-10,1134
2018-02-11,1129
2018-02-12,1145
2018-02-13,1187
2018-02-14,1195
2018-02-15,1270
2018-02-16,1206
2018-02-17,1130
2018-02-18,1121
2018-02-19,1304
2018-02-20,1244
2018-02-21,1238
2018-02-22,1199
2018-02-23,1187
2018-02-24,1115
2018-02-25,1106
2018-02-26,1253
2018-02-27,1244
2018-02-28,1212
2018-03-01,1160
2018-03-02,1265
2018-03-03,1109
2018-03-04,1054
2018-03-05,1199
2018-03-06,1200
2018-03-07,1248
2018-03-08,1198
2018-03-09,1215
2018-03-10,1141
2018-03-11,1099
2018-03-12,1270
2018-03-13,1253
2018-03-14,1174
2018-03-15,1182
2018-03-16,1176
2018-03-17,1093
2018-03-18,1115
2018-03-19,1220
2018-03-20,1215
2018-03-21,1221
2018-03-22,1202
2018-03-23,1119
2018-03-24,1111
2018-03-25,1141
2018-03-26,1233
2018-03-27,1131
2018-03-28,1111
2018-03-29,1036
2018-03-30,1050
2018-03-31,1027
2018-04-01,1093
2018-04-02,1226
2018-04-03,1221
2018-04-04,1186
2018-04-05,1225
2018-04-06,1214
2018-04-07,1107
2018-04-08,1137
2018-04-09,1227
2018-04-10,1196
2018-04-11,1226
2018-04-12,1244
2018-04-13,1176
2018-04-14,1096
2018-04-15,1102
2018-04-16,1265
2018-04-17,1253
2018-04-18,1209
2018-04-19,1171
2018-04-20,1200
2018-04-21,1122
2018-04-22,1104
2018-04-23,1218
2018-04-24,1197
2018-04-25,1184
2018-04-26,1171
2018-04-27,1149
2018-04-28,1123
2018-04-29,1114
2018-04-30,1153
2018-05-01,1112
2018-05-02,1195
2018-05-03,1172
2018-05-04,1176
2018-05-05,1154
2018-05-06,1131
2018-05-07,1228
2018-05-08,1187
2018-05-09,1044
2018-05-10,1053
2018-05-11,1017
2018-05-12,917
2018-05-13,947
2018-05-14,1227
2018-05-15,1143
2018-05-16,1241
2018-05-17,1206
2018-05-18,1148
2018-05-19,1064
2018-05-20,1041
2018-05-21,1195
2018-05-22,1190
2018-05-23,1215
2018-05-24,1159
2018-05-25,1089
2018-05-26,1037
2018-05-27,1057
2018-05-28,1283
2018-05-29,1195
2018-05-30,1257
2018-05-31,1235
2018-06-01,1183
2018-06-02,1127
2018-06-03,1118
2018-06-04,1225
2018-06-05,1227
2018-06-06,1213
2018-06-07,1191
2018-06-08,1151
2018-06-09,1084
2018-06-10,1118
2018-06-11,1231
2018-06-12,1221
2018-06-13,1243
2018-06-14,1191
2018-06-15,1129
2018-06-16,1016
2018-06-17,971
2018-06-18,1204
2018-06-19,1168
2018-06-20,1116
2018-06-21,1044
2018-06-22,1067
2018-06-23,1011
2018-06-24,1028
2018-06-25,1158
2018-06-26,1067
2018-06-27,1150
2018-06-28,1185
2018-06-29,1220
2018-06-30,1029
2018-07-01,1043
2018-07-02,1171
2018-07-03,1161
2018-07-04,1229
2018-07-05,1142
2018-07-06,1069
2018-07-07,1054
2018-07-08,1081
2018-07-09,1165
2018-07-10,1173
2018-07-11,1188
2018-07-12,1217
2018-07-13,1141
2018-07-14,1049
2018-07-15,1041
2018-07-16,1230
2018-07-17,1257
2018-07-18,1246
2018-07-19,1193
2018-07-20,1065
2018-07-21,1041
2018-07-22,1077
2018-07-23,1206
2018-07-24,1229
2018-07-25,1260
2018-07-26,1246
2018-07-27,1197
2018-07-28,1145
2018-07-29,1150
2018-07-30,1273
2018-07-31,1227
2018-08-01,1268
2018-08-02,1246
2018-08-03,1181
2018-08-04,1079
2018-08-05,1076
2018-08-06,1240
2018-08-07,1223
2018-08-08,1255
2018-08-09,1230
2018-08-10,1160
2018-08-11,1099
2018-08-12,1078
2018-08-13,1273
2018-08-14,1269
2018-08-15,1298
2018-08-16,1275
2018-08-17,1190
2018-08-18,1101
2018-08-19,1040
2018-08-20,1108
2018-08-21,1231
2018-08-22,1272
2018-08-23,1249
2018-08-24,1191
2018-08-25,1068
2018-08-26,1082
2018-08-27,1273
2018-08-28,1248
2018-08-29,1240
2018-08-30,1231
2018-08-31,1212
2018-09-01,1074
2018-09-02,1085
2018-09-03,1287
2018-09-04,1242
2018-09-05,1238
2018-09-06,1178
2018-09-07,1096
2018-09-08,1036
2018-09-09,1034
2018-09-10,1259
2018-09-11,1247
2018-09-12,1243
2018-09-13,1230
2018-09-14,1127
2018-09-15,1018
2018-09-16,1035
2018-09-17,1215
2018-09-18,1174
2018-09-19,996
2018-09-20,970
2018-09-21,1042
2018-09-22,1002
2018-09-23,991
2018-09-24,1179
2018-09-25,1190
2018-09-26,1202
2018-09-27,1239
2018-09-28,1210
2018-09-29,1108
2018-09-30,1102
2018-10-01,1245
2018-10-02,1205
2018-10-03,1202
2018-10-04,1148
2018-10-05,1118
2018-10-06,971
2018-10-07,961
2018-10-08,1230
2018-10-09,1229
2018-10-10,1275
2018-10-11,1262
2018-10-12,1198
2018-10-13,1057
2018-10-14,1047
2018-10-15,1166
2018-10-16,1207
2018-10-17,1177
2018-10-18,1191
2018-10-19,1065
2018-10-20,1010
2018-10-21,1010
2018-10-22,1220
2018-10-23,1192
2018-10-24,1245
2018-10-25,1221
2018-10-26,1189
2018-10-27,1018
2018-10-28,985
2018-10-29,1298
2018-10-30,1254
2018-10-31,1288
2018-11-01,1270
2018-11-02,1252
2018-11-03,1096
2018-11-04,1153
2018-11-05,1330
2018-11-06,1213
2018-11-07,1190
2018-11-08,949
2018-11-09,893
2018-11-10,825
2018-11-11,797
2018-11-12,969
2018-11-13,1038
2018-11-14,1205
2018-11-15,1181
2018-11-16,1258
2018-11-17,1155
2018-11-18,1092
2018-11-19,1246
2018-11-20,1307
2018-11-21,1292
2018-11-22,1330
2018-11-23,1357
2018-11-24,1058
2018-11-25,1059
2018-11-26,1285
2018-11-27,1218
2018-11-28,1287
2018-11-29,1239
2018-11-30,1147
2018-12-01,1036
2018-12-02,1026
2018-12-03,1299
2018-12-04,1314
2018-12-05,1297
2018-12-06,1261
2018-12-07,1187
2018-12-08,1059
2018-12-09,1066
2018-12-10,1333
2018-12-11,1352
2018-12-12,1305
2018-12-13,1293
2018-12-14,1206
2018-12-15,1038
2018-12-16,1019
2018-12-17,1314
2018-12-18,1332
2018-12-19,1399
2018-12-20,1336
2018-12-21,1207
2018-12-22,1028
2018-12-23,967
2018-12-24,36
2018-12-25,842
2018-12-26,1449
2018-12-27,1395
2018-12-28,1299
2018-12-29,1131
2018-12-30,1047
2018-12-31,44
2019-01-01,743
2019-01-02,1333
2019-01-03,1337
2019-01-04,1327
2019-01-05,1152
2019-01-06,1141
2019-01-07,1341
2019-01-08,1362
2019-01-09,1336
2019-01-10,1314
2019-01-11,1243
2019-01-12,1097
2019-01-13,1095
2019-01-14,1292
2019-01-15,1345
2019-01-16,1319
2019-01-17,1312
2019-01-18,1273
2019-01-19,1102
2019-01-20,1084
2019-01-21,1338
2019-01-22,1306
2019-01-23,1287
2019-01-24,1336
2019-01-25,1338
2019-01-26,1208
2019-01-27,1167
2019-01-28,1359
2019-01-29,1358
2019-01-30,1325
2019-01-31,1331
2019-02-01,1255
2019-02-02,1115
2019-02-03,216
2019-02-04,1247
2019-02-05,1345
2019-02-06,1317
2019-02-07,1305
2019-02-08,1255
2019-02-09,1144
2019-02-10,1093
2019-02-11,1342
2019-02-12,1327
2019-02-13,1324
2019-02-14,1246
2019-02-15,1268
2019-02-16,1148
2019-02-17,1120
2019-02-18,1339
2019-02-19,1302
2019-02-20,1366
2019-02-21,1330
2019-02-22,1257
2019-02-23,1122
2019-02-24,1102
2019-02-25,1305
2019-02-26,1314
2019-02-27,1324
2019-02-28,1286
2019-03-01,1220
2019-03-02,1103
2019-03-03,1085
2019-03-04,1180
2019-03-05,1197
2019-03-06,1335
2019-03-07,1269
2019-03-08,1099
2019-03-09,1056
2019-03-10,1004
2019-03-11,1245
2019-03-12,1306
2019-03-13,1234
2019-03-14,1263
2019-03-15,1257
2019-03-16,1152
2019-03-17,1136
2019-03-18,1315
2019-03-19,1339
2019-03-20,1306
2019-03-21,1315
2019-03-22,1237
2019-03-23,1154
2019-03-24,1148
2019-03-25,1271
2019-03-26,1169
2019-03-27,1323
2019-03-28,1286
2019-03-29,1167
2019-03-30,1048
2019-03-31,1022
2019-04-01,1198
2019-04-02,1156
2019-04-03,1282
2019-04-04,1278
2019-04-05,1230
2019-04-06,1124
2019-04-07,1108
2019-04-08,1271
2019-04-09,1276
2019-04-10,1256
2019-04-11,1305
2019-04-12,1229
2019-04-13,1135
2019-04-14,1112
2019-04-15,1266
2019-04-16,1244
2019-04-17,1082
2019-04-18,1009
2019-04-19,991
2019-04-20,1040
2019-04-21,1046
2019-04-22,1261
2019-04-23,1250
2019-04-24,1291
2019-04-25,1285
2019-04-26,1248
2019-04-27,1119
2019-04-28,1083
2019-04-29,1222
2019-04-30,1096
2019-05-01,1074
2019-05-02,1229
2019-05-03,1193
2019-05-04,1122
2019-05-05,1147
2019-05-06,1294
2019-05-07,1184
2019-05-08,921
2019-05-09,949
2019-05-10,900
2019-05-11,823
2019-05-12,830
2019-05-13,1286
2019-05-14,1182
2019-05-15,1274
2019-05-16,1135
2019-05-17,1085
2019-05-18,990
2019-05-19,990
2019-05-20,1115
2019-05-21,1154
2019-05-22,1242
2019-05-23,1199
2019-05-24,1155
2019-05-25,1050
2019-05-26,1059
2019-05-27,1345
2019-05-28,1264
2019-05-29,1303
2019-05-30,1274
2019-05-31,1234
2019-06-01,1112
2019-06-02,1113
2019-06-03,1284
2019-06-04,1297
2019-06-05,1253
2019-06-06,1229
2019-06-07,1165
2019-06-08,1056
2019-06-09,1101
2019-06-10,1301
2019-06-11,1302
2019-06-12,1327
2019-06-13,1291
2019-06-14,1240
2019-06-15,1112
2019-06-16,961
2019-06-17,1232
2019-06-18,1290
2019-06-19,1239
2019-06-20,1236
2019-06-21,1257
2019-06-22,1132
2019-06-23,1144
2019-06-24,1274
2019-06-25,1304
2019-06-26,1270
2019-06-27,1223
2019-06-28,1150
2019-06-29,1124
2019-06-30,1121
2019-07-01,1272
2019-07-02,1192
2019-07-03,1141
2019-07-04,1237
2019-07-05,1158
2019-07-06,1054
2019-07-07,1027
2019-07-08,1224
2019-07-09,1210
2019-07-10,1308
2019-07-11,1286
2019-07-12,1246
2019-07-13,1083
2019-07-14,1056
2019-07-15,1237
2019-07-16,1226
2019-07-17,1314
2019-07-18,1275
2019-07-19,1185
2019-07-20,1020
2019-07-21,1086
2019-07-22,1259
2019-07-23,1271
2019-07-24,1262
2019-07-25,1264
2019-07-26,1194
2019-07-27,1077
2019-07-28,1073
2019-07-29,1288
2019-07-30,1293
2019-07-31,1265
2019-08-01,1234
2019-08-02,1189
2019-08-03,1059
2019-08-04,1051
2019-08-05,1277
2019-08-06,1258
2019-08-07,1225
2019-08-08,1235
2019-08-09,1221
2019-08-10,1080
2019-08-11,1060
2019-08-12,1306
2019-08-13,1316
2019-08-14,1312
2019-08-15,1308
2019-08-16,1230
2019-08-17,1093
2019-08-18,1051
2019-08-19,1213
2019-08-20,1267
2019-08-21,1298
2019-08-22,1288
2019-08-23,1241
2019-08-24,1105
2019-08-25,1107
2019-08-26,1305
2019-08-27,1287
2019-08-28,1292
2019-08-29,1271
2019-08-30,1251
2019-08-31,1080
2019-09-01,1062
2019-09-02,1323
2019-09-03,1292
2019-09-04,1202
2019-09-05,1198
2019-09-06,1152
2019-09-07,1038
2019-09-08,1017
2019-09-09,1271
2019-09-10,1248
2019-09-11,1301
2019-09-12,1261
2019-09-13,1199
2019-09-14,1064
2019-09-15,1027
2019-09-16,1229
2019-09-17,1243
2019-09-18,1185
2019-09-19,1188
2019-09-20,1131
2019-09-21,1000
2019-09-22,994
2019-09-23,1227
2019-09-24,1262
2019-09-25,1269
2019-09-26,1248
2019-09-27,1206
2019-09-28,1055
2019-09-29,1068
2019-09-30,1284
2019-10-01,1242
2019-10-02,1239
2019-10-03,1234
2019-10-04,1214
2019-10-05,1056
2019-10-06,1048
2019-10-07,1295
2019-10-08,1302
2019-10-09,1296
2019-10-10,1244
2019-10-11,1222
2019-10-12,1086
2019-10-13,1072
2019-10-14,1210
2019-10-15,1300
2019-10-16,1309
2019-10-17,1301
2019-10-18,1192
2019-10-19,1022
2019-10-20,1023
2019-10-21,1284
2019-10-22,1244
2019-10-23,1281
2019-10-24,1274
2019-10-25,1236
2019-10-26,1113
2019-10-27,1022
2019-10-28,1311
2019-10-29,1293
2019-10-30,1108
2019-10-31,1068
2019-11-01,1038
2019-11-02,920
2019-11-03,978
2019-11-04,1305
2019-11-05,1259
2019-11-06,1305
2019-11-07,1222
2019-11-08,1185
2019-11-09,1040
2019-11-10,1020
2019-11-11,1248
2019-11-12,1274
2019-11-13,1336
2019-11-14,1315
2019-11-15,1303
2019-11-16,1177
2019-11-17,1139
2019-11-18,1303
2019-11-19,1358
2019-11-20,1284
2019-11-21,1251
2019-11-22,1190
2019-11-23,1035
2019-11-24,1074
2019-11-25,1342
2019-11-26,1331
2019-11-27,1300
2019-11-28,1316
2019-11-29,1373
2019-11-30,1142
2019-12-01,1104
2019-12-02,1355
2019-12-03,1371
2019-12-04,1349
2019-12-05,1304
2019-12-06,1251
2019-12-07,1041
2019-12-08,1033
2019-12-09,1317
2019-12-10,1295
2019-12-11,1284
2019-12-12,1296
2019-12-13,1257
2019-12-14,1126
2019-12-15,1167
2019-12-16,1400
2019-12-17,1404
2019-12-18,1334
2019-12-19,1377
2019-12-20,1337
2019-12-21,1123
2019-12-22,1108
2019-12-23,1224
2019-12-24,809
2019-12-25,991
2019-12-26,1412
2019-12-27,1311
2019-12-28,1163
2019-12-29,1102
2019-12-30,1222
2019-12-31,697
2020-01-01,861
2020-01-02,1402
2020-01-03,1349
2020-01-04,1216
2020-01-05,1127
2020-01-06,1358
2020-01-07,1362
2020-01-08,1368
2020-01-09,1388
2020-01-10,1318
2020-01-11,1158
2020-01-12,1133
2020-01-13,1393
2020-01-14,1393
2020-01-15,1366
2020-01-16,1318
2020-01-17,1252
2020-01-18,1093
2020-01-19,1045
2020-01-20,1359
2020-01-21,1354
2020-01-22,1338
2020-01-23,1326
2020-01-24,1271
2020-01-25,1127
2020-01-26,1061
2020-01-27,1354
2020-01-28,1361
2020-01-29,1394
2020-01-30,1363
2020-01-31,1257
2020-02-01,1135
2020-02-02,1065
2020-02-03,1331
2020-02-04,1328
2020-02-05,1296
2020-02-06,1253
2020-02-07,1254
2020-02-08,1122
2020-02-09,1083
2020-02-10,1338
2020-02-11,1343
2020-02-12,1316
2020-02-13,1265
2020-02-14,1177
2020-02-15,1077
2020-02-16,1074
2020-02-17,1330
2020-02-18,1334
2020-02-19,1371
2020-02-20,1351
2020-02-21,1280
2020-02-22,1107
2020-02-23,1080
2020-02-24,1243
2020-02-25,921
2020-03-10,256
2020-03-11,1077
2020-03-12,1074
2020-03-13,1330
2020-03-14,1334
2020-03-15,1371
2020-03-16,1351
2020-03-17,1280
2020-03-18,1107
2020-03-19,1080
2020-03-20,1077
2020-03-21,1047
2020-03-22,1047
2020-03-23,1085
2020-03-24,1111
2020-03-25,1140
2020-03-26,1165
2020-03-27,1183
2020-03-28,1197
2020-03-29,1216
2020-03-30,1313
2020-03-31,1281
2020-04-01,1160
2020-04-02,1151
2020-04-03,1119
2020-04-04,1121
2020-04-05,1131
2020-04-06,1259
2020-04-07,1228
2020-04-08,1114
2020-04-09,1077
2020-04-10,1094
2020-04-11,1117
2020-04-12,1133
2020-04-13,1292
2020-04-14,1247
2020-04-15,1170
2020-04-16,1216
2020-04-17,1171
2020-04-18,1137
2020-04-19,1143
2020-04-20,1267
2020-04-21,1226
2020-04-22,1194
2020-04-23,1171
2020-04-24,1189
2020-04-25,1164
2020-04-26,1167
2020-04-27,1268
2020-04-28,1240
2020-04-29,1137
2020-04-30,1111
2020-05-01,1107
2020-05-02,1189
2020-05-03,1173
2020-05-04,1340
2020-05-05,1527
2020-05-06,1270
2020-05-07,1249
2020-05-08,1217
2020-05-09,1161
2020-05-10,1084
2020-05-11,1256
2020-05-12,1262
2020-05-13,1270
2020-05-14,1260
2020-05-15,1238
2020-05-16,1214
2020-05-17,1201
2020-05-18,1296
2020-05-19,1273
2020-05-20,1241
2020-05-21,1253
2020-05-22,1250
2020-05-23,1183
2020-05-24,1203
2020-05-25,1213
2020-05-26,1254
2020-05-27,1237
2020-05-28,1226
2020-05-29,1200
2020-05-30,1188
2020-05-31,1176
2020-06-01,1226
2020-06-02,1199
2020-06-03,1203
2020-06-04,1184
2020-06-05,1157
2020-06-06,1169
2020-06-07,1163
2020-06-08,1229
2020-06-09,1196
2020-06-10,1235
2020-06-11,1253
2020-06-12,1219
2020-06-13,1178
2020-06-14,1146
2020-06-15,1196
2020-06-16,1233
2020-06-17,1248
2020-06-18,1290
2020-06-19,1318
2020-06-20,1113
2020-06-21,1042
2020-06-22,1226
2020-06-23,1243
2020-06-24,1204
2020-06-25,1198
2020-06-26,1145
2020-06-27,1090
2020-06-28,1125
2020-06-29,1157
2020-06-30,1170
2020-07-01,1193
2020-07-02,1224
2020-07-03,1296
2020-07-04,1171
2020-07-05,1161
2020-07-06,1222
2020-07-07,1200
2020-07-08,1172
2020-07-09,1134
2020-07-10,1150
2020-07-11,1126
2020-07-12,1125
2020-07-13,1216
2020-07-14,1185
2020-07-15,1160
2020-07-16,1196
2020-07-17,1173
2020-07-18,1129
2020-07-19,1076
2020-07-20,1149
2020-07-21,1188
2020-07-22,1034
2020-07-23,1032
2020-07-24,986
2020-07-25,949
2020-07-26,988
2020-07-27,1228
2020-07-28,1159
2020-07-29,1237
2020-07-30,1177
2020-07-31,1170
2020-08-01,1090
2020-08-02,1083
2020-08-03,1176
2020-08-04,1115
2020-08-05,1167
2020-08-06,1187
2020-08-07,1138
2020-08-08,1123
2020-08-09,1137
2020-08-10,1205
2020-08-11,1192
2020-08-12,1252
2020-08-13,1250
2020-08-14,1175
2020-08-15,1144
2020-08-16,1135
2020-08-17,1170
2020-08-18,1242
2020-08-19,1257
2020-08-20,1242
2020-08-21,1188
2020-08-22,1161
2020-08-23,1117
2020-08-24,1221
2020-08-25,983
2020-08-26,0
2020-08-27,290
2020-08-28,983
2020-08-29,973
2020-08-30,980
2020-08-31,1152
2020-09-01,1104
2020-09-02,1217
2020-09-03,1161
2020-09-04,1128
2020-09-05,1093
2020-09-06,1105
2020-09-07,1005
